name,goal,assist,cs,npxg,g,bcc,xa,bc,total_minn,total_goly,total_pen,total_pas,total_zhelt,total_kras
Rolando Aarons,0.00,0.00,0.00,None,None,None,None,None,,,,,,
Tammy Abraham,0.00,0.00,0.00,1.42,3,0,0.2,3,,,,,,
Che Adams,0.00,0.00,0.00,1.81,1,3,1.64,4,,,,,,
Tosin Adarabioyo,0.00,0.00,0.00,0.34,0,0,0.13,1,,,,,,
Dennis Adeniran,None,None,None,None,None,None,None,None,,,,,,
Adrián,0.00,0.00,0.00,0.0,0,0,0.0,0,,,,,,
Adrien Silva,0.15,0.08,0.27,None,None,None,None,None,,,,,,
Sergio Agüero,0.35,0.13,0.18,0.5,0,0,0.11,1,,,,,,
Ahmed El Mohamady,0.00,0.00,0.00,None,None,None,None,None,,,,,,
Ahmed Hegazi,0.00,0.00,0.00,None,None,None,None,None,,,,,,
Ola Aina,0.00,0.00,0.00,0.04,0,0,0.1,0,,,,,,
Rayan Aït-Nouri,None,None,None,None,None,None,None,None,,,,,,
Semi Ajayi,0.00,0.00,0.00,0.52,1,0,0.15,1,,,,,,
Albian Ajeti,0.00,0.00,0.00,None,None,None,None,None,,,,,,
Nathan Aké,0.03,0.02,0.10,0.0,0,0,0.0,0,,,,,,
Marc Albrighton,0.00,0.00,0.00,0.27,0,0,0.34,0,,,,,,
Toby Alderweireld,0.04,0.07,0.24,0.24,1,1,0.58,0,,,,,,
Ajibola Alese,None,None,None,None,None,None,None,None,,,,,,
Alex Telles,0.01,0.03,0.05,0.16,0,0,0.18,0,,,,,,
Trent Alexander-Arnold,0.00,0.00,0.00,0.1,0,0,0.52,0,,,,,,
Ali Koiki,None,None,None,None,None,None,None,None,,,,,,
Ezgjan Alioski,0.00,0.00,0.00,0.68,2,0,0.33,1,,,,,,
Alisson,0.00,0.00,0.00,0.0,0,0,0.0,0,,,,,,
Allan,0.02,0.04,0.02,0.0,0,0,0.03,0,,,,,,
Dele Alli,0.05,0.03,0.02,0.0,0,0,0.0,0,,,,,,
Miguel Almirón,0.09,0.07,0.16,0.91,1,0,0.23,1,,,,,,
Marcos Alonso,0.00,0.00,0.00,None,None,None,None,None,,,,,,
Steven Alzate,0.01,0.01,0.01,0.01,0,0,0.04,0,,,,,,
Daniel Amartey,0.00,0.00,0.00,0.01,0,0,0.01,0,,,,,,
Luke Amos,None,None,None,None,None,None,None,None,,,,,,
Ethan Ampadu,0.03,0.06,0.29,0.02,0,0,0.15,0,,,,,,
Joseph Anang,None,None,None,None,None,None,None,None,,,,,,
Joachim Andersen,0.00,0.00,0.00,0.0,0,0,0.04,0,,,,,,
Elliot Anderson,0.00,0.00,0.00,0.0,0,0,0.0,0,,,,,,
Florin Andone,0.00,0.00,0.00,None,None,None,None,None,,,,,,
André Gomes,0.01,0.03,0.10,None,None,None,None,None,,,,,,
Andreas Pereira,0.00,0.00,0.00,0.0,0,2,0.85,0,,,,,,
Angeliño,None,None,None,None,None,None,None,None,,,,,,
Faustino Anjorin,0.00,0.00,0.00,0.0,0,0,0.0,0,,,,,,
Michail Antonio,0.00,0.00,0.00,0.17,0,0,0.08,0,,,,,,
Cameron Archer,None,None,None,None,None,None,None,None,,,,,,
Alphonse Areola,0.00,0.00,0.00,0.0,0,0,0.0,0,,,,,,
Stuart Armstrong,0.00,0.00,0.00,0.16,1,0,0.1,0,,,,,,
Kepa Arrizabalaga,0.00,0.00,0.00,0.0,0,0,0.0,0,,,,,,
Harry Arter,0.00,0.00,0.00,None,None,None,None,None,,,,,,
Harrison Ashby,None,None,None,None,None,None,None,None,,,,,,
Luca Ashby-Hammond,None,None,None,None,None,None,None,None,,,,,,
Christian Atsu,0.00,0.00,0.00,None,None,None,None,None,,,,,,
Pierre-Emerick Aubameyang,0.48,0.20,0.39,1.79,1,0,0.4,3,,,,,,
Serge Aurier,0.02,0.06,0.13,0.01,0,1,0.42,0,,,,,,
Brandon Austin,0.00,0.00,0.00,0.34,0,0,0.06,1,,,,,,
Taiwo Awoniyi,None,None,None,None,None,None,None,None,,,,,,
Jordan Ayew,0.09,0.04,0.05,0.47,0,0,0.07,1,,,,,,
Luke Ayling,0.00,0.00,0.00,0.25,0,0,0.23,0,,,,,,
Finn Azaz,None,None,None,None,None,None,None,None,,,,,,
Miguel Azeez,None,None,None,None,None,None,None,None,,,,,,
César Azpilicueta,0.00,0.00,0.00,0.16,0,0,0.15,0,,,,,,
Eric Bailly,0.00,0.00,0.02,0.04,0,0,0.04,0,,,,,,
Leighton Baines,None,None,None,None,None,None,None,None,,,,,,
Tiemoué Bakayoko,None,None,None,None,None,None,None,None,,,,,,
Lewis Baker,None,None,None,None,None,None,None,None,,,,,,
Fabián Balbuena,0.00,0.00,0.00,0.73,0,0,0.05,2,,,,,,
George Baldock,0.04,0.10,0.35,0.03,0,0,0.11,0,,,,,,
Gareth Bale,0.00,0.00,0.00,0.01,0,0,0.04,0,,,,,,
Danny Ballard,None,None,None,None,None,None,None,None,,,,,,
Folarin Balogun,None,None,None,None,None,None,None,None,,,,,,
Tudor Baluta,None,None,None,None,None,None,None,None,,,,,,
Patrick Bamford,0.00,0.00,0.00,2.66,2,1,1.05,5,,,,,,
Beni Baningime,None,None,None,None,None,None,None,None,,,,,,
Phil Bardsley,0.00,0.00,0.00,0.0,0,0,0.0,0,,,,,,
Ross Barkley,0.06,0.07,0.04,None,None,None,None,None,,,,,,
Daniel Barlaser,None,None,None,None,None,None,None,None,,,,,,
Ashley Barnes,0.19,0.07,0.07,1.22,1,0,0.41,1,,,,,,
Gareth Barry,0.00,0.00,0.00,None,None,None,None,None,,,,,,
Kyle Bartley,0.00,0.00,0.00,0.0,0,0,0.0,0,,,,,,
Chris Basham,0.03,0.05,0.34,0.07,0,0,0.12,0,,,,,,
Lewis Bate,None,None,None,None,None,None,None,None,,,,,,
Michy Batshuayi,0.03,0.01,0.01,0.0,0,0,0.07,0,,,,,,
Nathan Baxter,None,None,None,None,None,None,None,None,,,,,,
Jack Bearne,None,None,None,None,None,None,None,None,,,,,,
Jan Bednarek,0.00,0.00,0.00,0.01,0,1,0.44,0,,,,,,
Héctor Bellerín,0.05,0.13,0.38,0.22,0,2,1.05,0,,,,,,
Filip Benkovic,0.00,0.00,0.00,None,None,None,None,None,,,,,,
Ryan Bennett,0.00,0.00,0.00,None,None,None,None,None,,,,,,
Saïd Benrahma,0.00,0.00,0.00,0.67,0,0,0.22,1,,,,,,
Josh Benson,0.01,0.02,0.02,0.01,0,0,0.01,0,,,,,,
Nabil Bentaleb,None,None,None,None,None,None,None,None,,,,,,
Christian Benteke,0.14,0.07,0.07,1.36,1,0,0.43,2,,,,,,
Gaetano Berardi,None,None,None,None,None,None,None,None,,,,,,
Sander Berge,0.00,0.00,0.00,0.02,0,0,0.02,0,,,,,,
Steven Bergwijn,0.12,0.12,0.13,1.33,0,0,0.18,4,,,,,,
Adrián Bernabé,0.00,0.00,0.00,None,None,None,None,None,,,,,,
Bernard,0.12,0.20,0.25,0.2,0,0,0.12,0,,,,,,
Bernardo,0.12,0.20,0.25,0.14,0,0,0.22,0,,,,,,
Bernardo Rosa,0.02,0.02,0.10,None,None,None,None,None,,,,,,
Bernardo Silva,0.15,0.08,0.27,None,None,None,None,None,,,,,,
Ryan Bertrand,0.11,0.11,0.07,0.02,0,0,0.02,0,,,,,,
Muhamed Besic,None,None,None,None,None,None,None,None,,,,,,
Marcus Bettinelli,0.00,0.00,0.00,None,None,None,None,None,,,,,,
Yves Bissouma,0.00,0.00,0.00,0.19,0,0,0.22,0,,,,,,
Jayden Bogle,0.00,0.00,0.00,0.32,1,0,0.12,0,,,,,,
Mateusz Bogusz,0.00,0.00,0.00,None,None,None,None,None,,,,,,
Tolaji Bola,None,None,None,None,None,None,None,None,,,,,,
Yannick Bolasie,None,None,None,None,None,None,None,None,,,,,,
Willy Boly,0.02,0.01,0.17,0.0,0,0,0.0,0,,,,,,
Jonathan Bond,None,None,None,None,None,None,None,None,,,,,,
Sofiane Boufal,0.00,0.00,0.00,None,None,None,None,None,,,,,,
Jamie Bowden,None,None,None,None,None,None,None,None,,,,,,
Jarrod Bowen,0.00,0.00,0.00,0.3,0,1,0.72,0,,,,,,
Morgan Boyes,None,None,None,None,None,None,None,None,,,,,,
Robbie Brady,0.06,0.09,0.07,0.3,0,2,0.97,0,,,,,,
Jarrad Branthwaite,0.00,0.00,0.00,0.0,0,0,0.0,0,,,,,,
Claudio Bravo,0.00,0.00,0.00,None,None,None,None,None,,,,,,
James Bree,0.00,0.00,0.00,None,None,None,None,None,,,,,,
Rhian Brewster,0.14,0.10,0.21,0.36,0,1,0.56,0,,,,,,
George Broadbent,None,None,None,None,None,None,None,None,,,,,,
Armando Broja,None,None,None,None,None,None,None,None,,,,,,
Josh Brownhill,0.05,0.06,0.10,0.27,0,0,0.22,0,,,,,,
Bruno Fernandes,0.43,0.40,0.38,0.0,0,0,0.0,0,,,,,,
Bruno Jordão,None,None,None,None,None,None,None,None,,,,,,
Zak Brunt,None,None,None,None,None,None,None,None,,,,,,
Joe Bryan,0.01,0.02,0.12,0.0,0,0,0.0,0,,,,,,
Oliver Burke,0.05,0.03,0.04,0.65,0,1,0.63,1,,,,,,
Dan Burn,0.00,0.00,0.11,None,None,None,None,None,,,,,,
Robbie Burton,None,None,None,None,None,None,None,None,,,,,,
Jack Butland,0.00,0.00,0.00,0.0,0,0,0.0,0,,,,,,
David Button,0.00,0.00,0.00,0.0,0,0,0.0,0,,,,,,
Oskar Buur,0.00,0.00,0.00,None,None,None,None,None,,,,,,
Willy Caballero,0.00,0.00,0.00,None,None,None,None,None,,,,,,
Gary Cahill,0.01,0.01,0.03,0.01,0,0,0.08,0,,,,,,
Jake Cain,0.00,0.00,0.00,0.0,0,0,0.0,0,,,,,,
Tom Cairney,0.00,0.00,0.00,0.2,0,0,0.11,0,,,,,,
Dominic Calvert-Lewin,0.28,0.09,0.25,1.49,0,0,0.31,3,,,,,,
Leonardo Campana,0.03,0.02,0.02,None,None,None,None,None,,,,,,
Chem Campbell,None,None,None,None,None,None,None,None,,,,,,
Elia Caprile,0.00,0.00,0.00,None,None,None,None,None,,,,,,
Carlos Vinicius,0.03,0.02,0.01,None,None,None,None,None,,,,,,
Guido Carrillo,None,None,None,None,None,None,None,None,,,,,,
Andy Carroll,0.03,0.02,0.02,0.19,1,0,0.07,0,,,,,,
Scott Carson,None,None,None,0.0,0,0,0.0,0,,,,,,
Cameron Carter-Vickers,0.00,0.00,0.00,None,None,None,None,None,,,,,,
Fabio Carvalho,0.12,0.20,0.25,None,None,None,None,None,,,,,,
Oliver Casey,0.00,0.00,0.00,0.0,0,0,0.0,0,,,,,,
Matthew Cash,0.03,0.08,0.14,0.19,0,1,0.67,0,,,,,,
Lewis Cass,None,None,None,None,None,None,None,None,,,,,,
Timothy Castagne,0.00,0.00,0.00,0.01,0,0,0.08,0,,,,,,
Edinson Cavani,0.17,0.08,0.09,1.18,0,1,0.49,3,,,,,,
Dani Ceballos,0.02,0.09,0.15,0.04,0,1,0.66,0,,,,,,
Cédric Soares,0.04,0.06,0.14,None,None,None,None,None,,,,,,
Calum Chambers,0.00,0.00,0.00,None,None,None,None,None,,,,,,
Kgaogelo Chauke,None,None,None,0.0,0,0,0.0,0,,,,,,
James Chester,None,None,None,None,None,None,None,None,,,,,,
Ben Chilwell,0.00,0.00,0.00,0.04,0,1,0.55,0,,,,,,
Tahith Chong,0.00,0.00,0.00,None,None,None,None,None,,,,,,
Hamza Choudhury,0.00,0.00,0.00,0.0,0,0,0.0,0,,,,,,
Andreas Christensen,0.00,0.00,0.00,0.0,0,0,0.0,0,,,,,,
Cyrus Christie,0.00,0.00,0.00,None,None,None,None,None,,,,,,
Dennis Cirkin,None,None,None,None,None,None,None,None,,,,,,
Ciaran Clark,0.06,0.03,0.24,0.63,1,0,0.14,1,,,,,,
Matthew Clarke,0.00,0.00,0.00,None,None,None,None,None,,,,,,
Jake Clarke-Salter,None,None,None,None,None,None,None,None,,,,,,
Leighton Clarkson,0.00,0.00,0.00,None,None,None,None,None,,,,,,
Thomas Clayton,None,None,None,None,None,None,None,None,,,,,,
Nathaniel Clyne,0.01,0.02,0.05,0.0,0,0,0.0,0,,,,,,
Conor Coady,0.01,0.01,0.30,0.01,0,0,0.05,0,,,,,,
Alex Cochrane,None,None,None,None,None,None,None,None,,,,,,
Séamus Coleman,0.02,0.03,0.12,0.17,0,0,0.08,0,,,,,,
Aaron Connolly,0.00,0.00,0.00,1.12,1,0,0.22,2,,,,,,
Liam Cooper,0.00,0.00,0.00,0.33,1,0,0.09,0,,,,,,
Theo Corbeanu,None,None,None,0.0,0,0,0.0,0,,,,,,
Jack Cork,0.00,0.00,0.00,None,None,None,None,None,,,,,,
Ben Cottrell,None,None,None,None,None,None,None,None,,,,,,
Vladimir Coufal,0.00,0.00,0.00,0.04,0,1,0.73,0,,,,,,
Ismaila Coulibaly,None,None,None,None,None,None,None,None,,,,,,
Conor Coventry,None,None,None,None,None,None,None,None,,,,,,
Charlie Cresswell,0.00,0.00,0.00,0.19,0,1,0.65,0,,,,,,
Josh Cullen,None,None,None,None,None,None,None,None,,,,,,
Jamie Cumming,None,None,None,None,None,None,None,None,,,,,,
Luke Cundle,None,None,None,0.0,0,0,0.0,0,,,,,,
Vontae Daley-Campbell,None,None,None,None,None,None,None,None,,,,,,
Stuart Dallas,0.00,0.00,0.00,0.76,2,0,0.33,1,,,,,,
Daniel Podence,0.00,0.00,0.00,0.8,1,0,0.46,0,,,,,,
Scott Dann,0.08,0.04,0.02,0.05,0,0,0.05,0,,,,,,
Kevin Danso,None,None,None,None,None,None,None,None,,,,,,
Karl Darlow,0.00,0.00,0.26,0.0,0,0,0.0,0,,,,,,
David Luiz,0.04,0.06,0.14,None,None,None,None,None,,,,,,
Tom Davies,0.01,0.05,0.09,0.0,0,0,0.03,0,,,,,,
Keinan Davis,0.05,0.03,0.01,0.09,0,0,0.1,0,,,,,,
Craig Dawson,0.00,0.00,0.00,0.01,0,0,0.01,0,,,,,,
Laurens De Bock,None,None,None,None,None,None,None,None,,,,,,
Kevin De Bruyne,0.46,0.59,0.49,None,None,None,None,None,,,,,,
Bobby De Cordova-Reid,0.00,0.00,0.00,None,None,None,None,None,,,,,,
David de Gea,0.00,0.01,0.42,None,None,None,None,None,,,,,,
Luca de la Torre,0.03,0.01,0.01,None,None,None,None,None,,,,,,
Liam Delap,0.00,0.00,0.00,0.0,0,0,0.0,0,,,,,,
Fabian Delph,0.00,0.00,0.00,None,None,None,None,None,,,,,,
Lars Dendoncker,0.05,0.03,0.14,0.61,0,0,0.12,1,,,,,,
Alfie Devine,None,None,None,None,None,None,None,None,,,,,,
Kiernan Dewsbury-Hall,None,None,None,None,None,None,None,None,,,,,,
Fousseni Diabaté,None,None,None,None,None,None,None,None,,,,,,
Cheikh Diaby,None,None,None,0.0,0,0,0.0,0,,,,,,
Ibrahima Diallo,0.00,0.00,0.00,0.0,0,0,0.0,0,,,,,,
Grady Diangana,0.00,0.00,0.00,0.46,0,0,0.06,1,,,,,,
Eric Dier,0.07,0.05,0.25,0.63,0,0,0.1,1,,,,,,
Lucas Digne,0.02,0.11,0.17,None,None,None,None,None,,,,,,
Diogo Dalot,0.00,0.00,0.00,None,None,None,None,None,,,,,,
Diogo Jota,0.00,0.00,0.00,None,None,None,None,None,,,,,,
Alpha Richard Dionkou,None,None,None,None,None,None,None,None,,,,,,
Issa Diop,0.00,0.00,0.00,0.0,0,0,0.0,0,,,,,,
Elijah Dixon-Bonner,None,None,None,None,None,None,None,None,,,,,,
Moussa Djenepo,0.00,0.00,0.00,0.04,0,0,0.07,0,,,,,,
Matt Doherty,0.02,0.04,0.07,0.01,0,0,0.04,0,,,,,,
Abdoulaye Doucouré,0.06,0.07,0.24,0.05,0,0,0.08,0,,,,,,
Barry Douglas,0.04,0.06,0.14,None,None,None,None,None,,,,,,
Douglas Luiz,0.04,0.06,0.14,None,None,None,None,None,,,,,,
Kieran Dowell,None,None,None,None,None,None,None,None,,,,,,
Tommy Doyle,0.00,0.00,0.00,None,None,None,None,None,,,,,,
Danny Drinkwater,None,None,None,None,None,None,None,None,,,,,,
Anthony Driscoll-Glennon,0.00,0.00,0.00,None,None,None,None,None,,,,,,
Martin Dubravka,0.00,0.00,0.10,0.0,0,0,0.0,0,,,,,,
Shane Duffy,0.00,0.00,0.00,None,None,None,None,None,,,,,,
Paul Dummett,0.00,0.01,0.04,0.0,0,0,0.0,0,,,,,,
Lewis Dunk,0.05,0.02,0.04,1.47,2,0,0.36,2,,,,,,
Jimmy Dunne,0.00,0.00,0.00,0.0,0,0,0.0,0,,,,,,
Jake Eastwood,None,None,None,None,None,None,None,None,,,,,,
Ederson,0.00,0.01,0.25,0.0,0,0,0.0,0,,,,,,
Ryan Edmondson,None,None,None,None,None,None,None,None,,,,,,
Kyle Edwards,0.00,0.00,0.00,0.0,0,0,0.0,0,,,,,,
John Egan,0.06,0.03,0.35,0.03,0,0,0.04,0,,,,,,
Ovie Ejaria,None,None,None,None,None,None,None,None,,,,,,
Anwar El Ghazi,0.02,0.01,0.00,None,None,None,None,None,,,,,,
Anthony Elanga,None,None,None,None,None,None,None,None,,,,,,
Harvey Elliott,0.00,0.00,0.00,None,None,None,None,None,,,,,,
Emerson,0.00,0.00,0.00,0.0,0,0,0.0,0,,,,,,
Ulrick Eneme Ella,0.00,0.00,0.00,None,None,None,None,None,,,,,,
Björn Engels,0.00,0.00,0.00,0.0,0,0,0.0,0,,,,,,
Jonny Evans,0.00,0.00,0.00,0.01,0,0,0.11,0,,,,,,
Eberechi Eze,0.08,0.12,0.12,0.62,1,0,0.41,0,,,,,,
Lukasz Fabianski,0.00,0.00,0.00,0.0,0,0,0.0,0,,,,,,
Fabinho,0.00,0.00,0.00,0.0,0,0,0.0,0,,,,,,
Fábio Silva,0.15,0.08,0.27,None,None,None,None,None,,,,,,
Fabri,0.00,0.00,0.00,None,None,None,None,None,,,,,,
Malachi Fagan-Walcott,None,None,None,None,None,None,None,None,,,,,,
Felipe Anderson,0.00,0.00,0.00,0.0,0,0,0.0,0,,,,,,
Josh Felix-Eppiah,None,None,None,None,None,None,None,None,,,,,,
Nathan Ferguson,0.00,0.00,0.00,None,None,None,None,None,,,,,,
Federico Fernández,0.02,0.03,0.25,0.0,0,0,0.03,0,,,,,,
Fernandinho,0.02,0.02,0.10,0.0,0,0,0.0,0,,,,,,
Will Ferry,None,None,None,None,None,None,None,None,,,,,,
Sam Field,0.00,0.01,0.35,None,None,None,None,None,,,,,,
Ethan Fitzhugh,None,None,None,None,None,None,None,None,,,,,,
John Fleck,0.05,0.10,0.21,0.04,0,0,0.18,0,,,,,,
Shane Flynn,None,None,None,None,None,None,None,None,,,,,,
Phil Foden,0.16,0.15,0.15,0.8,1,1,0.69,2,,,,,,
Wes Foderingham,0.00,0.00,0.00,None,None,None,None,None,,,,,,
Wesley Fofana,0.00,0.00,0.00,0.07,0,0,0.11,0,,,,,,
Pablo Fornals,0.00,0.00,0.00,0.52,0,0,0.22,1,,,,,,
Adam Forshaw,0.00,0.00,0.00,None,None,None,None,None,,,,,,
Fraser Forster,0.00,0.00,0.00,0.0,0,0,0.0,0,,,,,,
Marlon Fossey,None,None,None,None,None,None,None,None,,,,,,
Timothy Fosu-Mensah,0.00,0.00,0.00,None,None,None,None,None,,,,,,
Juan Foyth,0.00,0.00,0.00,None,None,None,None,None,,,,,,
Tyrese Francois,None,None,None,None,None,None,None,None,,,,,,
Ryan Fraser,0.01,0.03,0.02,0.16,0,0,0.14,0,,,,,,
Fred,0.04,0.07,0.19,0.45,0,1,0.52,1,,,,,,
Ryan Fredericks,0.00,0.00,0.00,0.24,0,0,0.16,0,,,,,,
Luke Freeman,0.00,0.00,0.00,None,None,None,None,None,,,,,,
Christian Fuchs,0.00,0.00,0.00,0.02,0,0,0.02,0,,,,,,
Darnell Furlong,0.00,0.00,0.00,0.19,1,0,0.14,0,,,,,,
Gabriel Jesus,0.50,0.21,0.38,0.37,0,1,0.53,1,,,,,,
Gabriel Magalhães,0.04,0.02,0.19,None,None,None,None,None,,,,,,
Gabriel Martinelli,0.06,0.04,0.06,0.39,0,0,0.15,0,,,,,,
Ethan Galbraith,None,None,None,None,None,None,None,None,,,,,,
Tony Gallacher,None,None,None,None,None,None,None,None,,,,,,
Conor Gallagher,0.00,0.00,0.00,0.27,0,0,0.02,0,,,,,,
Eric García,None,None,None,None,None,None,None,None,,,,,,
James Garner,0.00,0.00,0.00,None,None,None,None,None,,,,,,
Dwight Gayle,0.03,0.01,0.01,0.37,1,0,0.16,0,,,,,,
Paulo Gazzaniga,0.00,0.00,0.00,None,None,None,None,None,,,,,,
Jean-Philippe Gbamin,0.00,0.00,0.00,None,None,None,None,None,,,,,,
Gedson Fernandes,0.43,0.40,0.38,0.0,0,0,0.0,0,,,,,,
Joe Gelhardt,None,None,None,None,None,None,None,None,,,,,,
Rachid Ghezzal,None,None,None,None,None,None,None,None,,,,,,
Kieran Gibbs,0.04,0.05,0.06,0.0,0,0,0.0,0,,,,,,
Morgan Gibbs-White,0.04,0.05,0.06,None,None,None,None,None,,,,,,
Ben Gibson,0.00,0.00,0.00,None,None,None,None,None,,,,,,
Ryan Giles,None,None,None,None,None,None,None,None,,,,,,
Mark Gillespie,0.00,0.00,0.00,0.0,0,0,0.0,0,,,,,,
Billy Gilmour,0.00,0.00,0.00,0.0,0,0,0.0,0,,,,,,
Olivier Giroud,0.00,0.00,0.00,0.97,2,0,0.2,2,,,,,,
Ben Godfrey,0.02,0.02,0.15,0.16,0,0,0.04,0,,,,,,
Joseph Gomez,0.00,0.00,0.00,None,None,None,None,None,,,,,,
Gonçalo Cardoso,None,None,None,None,None,None,None,None,,,,,,
Mace Goodridge,0.00,0.00,0.00,None,None,None,None,None,,,,,,
John-Kymani Gordon,0.01,0.02,0.02,0.0,0,0,0.04,0,,,,,,
Robbie Gotts,None,None,None,None,None,None,None,None,,,,,,
Kamil Grabara,None,None,None,None,None,None,None,None,,,,,,
Sam Graham,None,None,None,None,None,None,None,None,,,,,,
Lee Grant,0.00,0.00,0.00,1.05,0,0,0.11,2,,,,,,
Demarai Gray,0.00,0.00,0.00,0.01,0,0,0.01,0,,,,,,
Jack Grealish,0.01,0.02,0.01,1.12,0,5,3.33,1,,,,,,
Andre Green,0.14,0.10,0.16,None,None,None,None,None,,,,,,
Mason Greenwood,0.14,0.10,0.16,0.24,0,1,0.57,0,,,,,,
Pascal Groß,0.05,0.09,0.03,0.02,0,0,0.25,0,,,,,,
Kamil Grosicki,0.00,0.00,0.00,0.0,0,0,0.0,0,,,,,,
Jay-Roy Grot,0.00,0.00,0.00,None,None,None,None,None,,,,,,
Marko Grujic,None,None,None,None,None,None,None,None,,,,,,
Vicente Guaita,0.00,0.00,0.13,0.0,0,0,0.0,0,,,,,,
Jóhann Gudmundsson,0.00,0.00,0.00,None,None,None,None,None,,,,,,
Matteo Guendouzi,0.00,0.00,0.00,None,None,None,None,None,,,,,,
Frédéric Guilbert,0.00,0.00,0.00,0.0,0,0,0.0,0,,,,,,
Ilkay Gündogan,0.16,0.17,0.41,2.05,3,0,0.59,4,,,,,,
Angus Gunn,0.00,0.00,0.00,None,None,None,None,None,,,,,,
Peter Gwargis,None,None,None,None,None,None,None,None,,,,,,
Viktor Gyökeres,None,None,None,None,None,None,None,None,,,,,,
Antwoine Hackford,None,None,None,0.0,0,0,0.0,0,,,,,,
Sébastien Haller,0.00,0.00,0.00,1.38,1,0,0.45,1,,,,,,
Joseph Hardy,None,None,None,None,None,None,None,None,,,,,,
Rekeem Harper,0.00,0.00,0.00,0.14,0,0,0.02,0,,,,,,
Jayden Harris,0.00,0.00,0.00,None,None,None,None,None,,,,,,
Jack Harrison,0.00,0.00,0.00,1.3,2,2,1.35,3,,,,,,
Joe Hart,0.00,0.00,0.00,0.0,0,0,0.0,0,,,,,,
Taylor Harwood-Bellis,None,None,None,0.0,0,0,0.0,0,,,,,,
Kortney Hause,0.02,0.01,0.03,0.8,1,0,0.1,2,,,,,,
Kai Havertz,0.00,0.00,0.00,0.07,0,1,0.51,0,,,,,,
Kaine Hayden,0.04,0.05,0.20,0.05,0,0,0.1,0,,,,,,
Tom Heaton,0.00,0.00,0.00,0.0,0,0,0.0,0,,,,,,
Michael Hector,0.00,0.00,0.00,0.0,0,0,0.0,0,,,,,,
Karl Hein,None,None,None,None,None,None,None,None,,,,,,
Hélder Costa,0.00,0.00,0.00,0.0,0,0,0.0,0,,,,,,
Stephen Henderson,0.00,0.00,0.00,0.6,1,1,0.52,1,,,,,,
Jeff Hendrick,0.01,0.02,0.04,0.48,1,0,0.07,1,,,,,,
Wayne Hennessey,0.00,0.00,0.00,None,None,None,None,None,,,,,,
Jake Hesketh,None,None,None,None,None,None,None,None,,,,,,
Thomas Hill,0.05,0.06,0.10,None,None,None,None,None,,,,,,
George Hirst,None,None,None,None,None,None,None,None,,,,,,
Wesley Hoedt,None,None,None,None,None,None,None,None,,,,,,
Ki-Jana Hoever,0.00,0.00,0.01,0.01,0,0,0.05,0,,,,,,
Rob Holding,0.06,0.04,0.38,0.37,0,0,0.16,0,,,,,,
Mason Holgate,0.04,0.04,0.20,0.5,1,0,0.23,1,,,,,,
Nathan Holland,None,None,None,None,None,None,None,None,,,,,,
Bryce Hosannah,None,None,None,None,None,None,None,None,,,,,,
Conor Hourihane,0.01,0.02,0.01,0.0,0,0,0.0,0,,,,,,
Callum Hudson-Odoi,0.00,0.00,0.00,0.6,1,1,0.65,1,,,,,,
Niall Huggins,None,None,None,0.0,0,0,0.0,0,,,,,,
Jordan Hugill,0.00,0.00,0.00,None,None,None,None,None,,,,,,
Pierre-Emile Højbjerg,0.05,0.07,0.16,0.19,0,0,0.14,0,,,,,,
Odion Ighalo,0.00,0.00,0.00,None,None,None,None,None,,,,,,
Kelechi Iheanacho,0.00,0.00,0.00,0.33,0,0,0.14,2,,,,,,
Danny Ings,0.06,0.03,0.14,1.35,1,0,0.44,2,,,,,,
Ryan Inniss,0.00,0.00,0.00,None,None,None,None,None,,,,,,
Ivan Cavaleiro,0.00,0.00,0.00,1.88,0,1,0.77,4,,,,,,
Branislav Ivanovic,0.00,0.00,0.00,0.0,0,0,0.0,0,,,,,,
Alex Iwobi,0.05,0.09,0.12,0.23,0,1,0.63,0,,,,,,
José Izquierdo,0.00,0.00,0.00,None,None,None,None,None,,,,,,
Jaroslaw Jach,None,None,None,None,None,None,None,None,,,,,,
Phil Jagielka,0.00,0.00,0.01,0.0,0,0,0.0,0,,,,,,
Alireza Jahanbakhsh,0.04,0.04,0.02,0.7,0,2,1.02,1,,,,,,
Eldin Jakupovic,None,None,None,None,None,None,None,None,,,,,,
Reece James,0.13,0.20,0.23,0.78,1,0,0.17,1,,,,,,
Alexandre Jankewitz,None,None,None,None,None,None,None,None,,,,,,
Vitezslav Jaros,None,None,None,None,None,None,None,None,,,,,,
Sylvester Jasper,None,None,None,None,None,None,None,None,,,,,,
Jack Jenkins,0.00,0.00,0.00,0.0,0,0,0.0,0,,,,,,
Teddy Jenks,None,None,None,None,None,None,None,None,,,,,,
Lukas Jensen,None,None,None,None,None,None,None,None,,,,,,
Roberto Jiménez,0.00,0.00,0.00,None,None,None,None,None,,,,,,
João Cancelo,0.04,0.21,0.43,0.38,0,2,1.16,0,,,,,,
João Moutinho,0.03,0.12,0.27,0.14,0,0,0.29,0,,,,,,
João Virgínia,0.00,0.00,0.00,None,None,None,None,None,,,,,,
Joel Pereira,0.00,0.00,0.00,0.0,0,2,0.85,0,,,,,,
Joelinton,0.09,0.07,0.18,0.61,0,1,0.69,0,,,,,,
Stefan Johansen,0.00,0.00,0.00,None,None,None,None,None,,,,,,
Tyreece John-Jules,None,None,None,None,None,None,None,None,,,,,,
Darnell Johnson,0.00,0.00,0.00,0.44,1,0,0.04,1,,,,,,
Sam Johnstone,0.00,0.00,0.00,0.0,0,0,0.0,0,,,,,,
Curtis Jones,0.00,0.00,0.00,0.59,0,1,0.73,0,,,,,,
Jonny,0.00,0.00,0.00,None,None,None,None,None,,,,,,
Jorginho,0.00,0.00,0.00,0.0,0,0,0.07,1,,,,,,
Jota,0.00,0.00,0.00,None,None,None,None,None,,,,,,
Juan Castillo,0.00,0.00,0.00,None,None,None,None,None,,,,,,
James Justin,0.00,0.00,0.00,0.03,0,2,1.23,0,,,,,,
Lovre Kalinic,None,None,None,None,None,None,None,None,,,,,,
Aboubakar Kamara,0.00,0.00,0.00,0.0,0,0,0.0,0,,,,,,
Herbie Kane,0.55,0.26,0.23,1.61,2,1,0.83,3,,,,,,
N'Golo Kanté,0.00,0.00,0.00,0.14,0,1,0.67,0,,,,,,
Michal Karbownik,None,None,None,None,None,None,None,None,,,,,,
Loris Karius,None,None,None,None,None,None,None,None,,,,,,
Beram Kayal,None,None,None,None,None,None,None,None,,,,,,
Moise Kean,0.04,0.02,0.23,None,None,None,None,None,,,,,,
Michael Keane,0.04,0.02,0.23,0.24,0,1,0.53,0,,,,,,
Neeskens Kebano,0.00,0.00,0.00,0.0,0,0,0.0,0,,,,,,
Naby Keita,0.00,0.00,0.00,0.0,0,1,0.41,0,,,,,,
Caoimhin Kelleher,0.00,0.00,0.00,0.0,0,0,0.0,0,,,,,,
Martin Kelly,0.00,0.00,0.00,None,None,None,None,None,,,,,,
Kenedy,None,None,None,None,None,None,None,None,,,,,,
Jonjoe Kenny,0.00,0.00,0.01,0.0,0,0,0.0,0,,,,,,
Kiko Casilla,0.00,0.00,0.00,0.0,0,0,0.0,0,,,,,,
Maximilian Kilman,0.01,0.01,0.07,0.0,0,0,0.0,0,,,,,,
Andy King,None,None,None,None,None,None,None,None,,,,,,
Cédric Kipré,None,None,None,None,None,None,None,None,,,,,,
Nya Kirby,None,None,None,None,None,None,None,None,,,,,,
Mateusz Klich,0.00,0.00,0.00,0.19,1,1,0.98,1,,,,,,
Josh Knight,None,None,None,None,None,None,None,None,,,,,,
Anthony Knockaert,0.00,0.00,0.00,None,None,None,None,None,,,,,,
Robin Koch,0.00,0.00,0.00,None,None,None,None,None,,,,,,
Sead Kolasinac,0.00,0.00,0.00,0.0,0,0,0.0,0,,,,,,
Terence Kongolo,0.00,0.00,0.00,None,None,None,None,None,,,,,,
Ezri Konsa Ngoyo,0.05,0.03,0.11,None,None,None,None,None,,,,,,
Billy Koumetio,None,None,None,None,None,None,None,None,,,,,,
Cheikhou Kouyaté,0.04,0.02,0.13,0.0,0,0,0.0,0,,,,,,
Mateo Kovacic,0.00,0.00,0.00,0.19,0,0,0.09,0,,,,,,
Matej Kovar,None,None,None,None,None,None,None,None,,,,,,
Emil Krafth,0.00,0.00,0.00,0.01,0,0,0.01,0,,,,,,
Filip Krovinovic,0.00,0.00,0.00,0.0,0,0,0.03,0,,,,,,
Alexandre Lacazette,0.42,0.20,0.35,2.62,4,0,0.62,6,,,,,,
Ethan Laird,None,None,None,None,None,None,None,None,,,,,,
Adam Lallana,0.02,0.04,0.02,0.03,0,0,0.17,0,,,,,,
Erik Lamela,0.10,0.09,0.08,0.0,0,0,0.0,0,,,,,,
Tariq Lamptey,0.01,0.02,0.01,0.0,0,1,0.41,0,,,,,,
Daniel Langley,0.00,0.00,0.00,0.0,0,0,0.0,0,,,,,,
Henri Lansbury,0.00,0.00,0.00,None,None,None,None,None,,,,,,
Manuel Lanzini,0.00,0.00,0.00,0.07,0,1,0.55,0,,,,,,
Aymeric Laporte,0.00,0.00,0.01,0.0,0,0,0.0,0,,,,,,
Yasser Larouci,None,None,None,None,None,None,None,None,,,,,,
Jamaal Lascelles,0.02,0.01,0.15,None,None,None,None,None,,,,,,
Henry Lawrence,None,None,None,None,None,None,None,None,,,,,,
Valentino Lazaro,None,None,None,None,None,None,None,None,,,,,,
Maxime Le Marchand,0.00,0.00,0.00,None,None,None,None,None,,,,,,
Florian Lejeune,0.00,0.00,0.00,None,None,None,None,None,,,,,,
Jonathan Leko,0.00,0.00,0.00,None,None,None,None,None,,,,,,
Mario Lemina,0.00,0.00,0.00,0.02,0,1,0.42,0,,,,,,
Bernd Leno,0.00,0.01,0.42,0.0,0,0,0.0,0,,,,,,
Léo Bonatini,0.00,0.00,0.00,None,None,None,None,None,,,,,,
Thakgalo Leshabela,None,None,None,None,None,None,None,None,,,,,,
Dylan Levitt,None,None,None,None,None,None,None,None,,,,,,
George Lewis,0.05,0.02,0.04,0.0,0,0,0.0,0,,,,,,
Victor Lindelöf,0.05,0.04,0.41,0.48,1,0,0.13,1,,,,,,
Jesse Lingard,0.00,0.00,0.00,0.0,0,0,0.0,0,,,,,,
Jake Livermore,0.00,0.00,0.00,0.01,0,0,0.05,0,,,,,,
Diego Llorente,0.00,0.00,0.00,None,None,None,None,None,,,,,,
Hugo Lloris,0.00,0.01,0.23,0.0,0,0,0.0,0,,,,,,
Giovani Lo Celso,0.00,0.00,0.00,None,None,None,None,None,,,,,,
Ruben Loftus-Cheek,0.00,0.00,0.00,0.46,0,1,0.47,1,,,,,,
Andy Lonergan,None,None,None,None,None,None,None,None,,,,,,
Kevin Long,0.05,0.05,0.16,0.0,0,0,0.0,0,,,,,,
Emmanuel Longelo,None,None,None,None,None,None,None,None,,,,,,
Ryan Longman,None,None,None,None,None,None,None,None,,,,,,
Luis Longstaff,0.05,0.05,0.16,None,None,None,None,None,,,,,,
Ademola Lookman,0.00,0.00,0.00,1.63,0,1,0.91,2,,,,,,
Jonas Lössl,0.00,0.00,0.00,0.0,0,0,0.0,0,,,,,,
Dejan Lovren,None,None,None,None,None,None,None,None,,,,,,
Max Lowe,0.00,0.00,0.00,0.0,0,0,0.0,0,,,,,,
Matthew Lowton,0.01,0.05,0.11,0.16,0,0,0.07,0,,,,,,
Lucas Moura,0.10,0.11,0.10,None,None,None,None,None,,,,,,
John Lundstram,0.09,0.09,0.18,0.15,0,0,0.06,0,,,,,,
Ian Maatsen,None,None,None,None,None,None,None,None,,,,,,
Alexis Mac Allister,0.01,0.02,0.01,None,None,None,None,None,,,,,,
Matt Macey,0.00,0.00,0.00,None,None,None,None,None,,,,,,
Wanya Madavidua,None,None,None,None,None,None,None,None,,,,,,
James Maddison,0.00,0.00,0.00,1.04,3,0,0.81,0,,,,,,
Jacob Maddox,None,None,None,None,None,None,None,None,,,,,,
Harry Maguire,0.08,0.04,0.40,0.38,0,0,0.14,0,,,,,,
Riyad Mahrez,0.27,0.30,0.26,0.76,0,1,0.48,2,,,,,,
Ainsley Maitland-Niles,0.01,0.01,0.04,0.02,0,0,0.08,0,,,,,,
Anthony Mancini,None,None,None,0.0,0,0,0.0,0,,,,,,
Sadio Mané,0.00,0.00,0.00,2.22,2,2,1.64,3,,,,,,
Javier Manquillo,0.00,0.00,0.00,0.0,0,0,0.0,0,,,,,,
Marçal,0.00,0.00,0.01,0.0,0,0,0.03,0,,,,,,
Solly March,0.04,0.08,0.04,0.3,0,1,0.93,0,,,,,,
Pablo Marí,0.03,0.02,0.22,0.01,0,0,0.04,0,,,,,,
Christian Marques,0.00,0.00,0.00,0.0,0,0,0.0,0,,,,,,
George Marsh,None,None,None,None,None,None,None,None,,,,,,
Anthony Martial,0.42,0.20,0.33,2.94,2,4,2.24,5,,,,,,
David Martin,0.00,0.00,0.10,0.0,0,0,0.0,0,,,,,,
Emiliano Martínez,0.00,0.00,0.06,0.0,0,0,0.0,0,,,,,,
Arthur Masuaku,0.00,0.00,0.00,None,None,None,None,None,,,,,,
Juan Mata,0.01,0.01,0.01,0.16,0,0,0.04,0,,,,,,
Matheus Pereira,0.00,0.00,0.00,0.0,0,2,0.85,0,,,,,,
Nemanja Matic,0.01,0.02,0.09,0.0,0,1,0.44,0,,,,,,
Joel Matip,0.00,0.00,0.00,0.05,0,2,0.87,0,,,,,,
Matthew Longstaff,0.05,0.05,0.16,None,None,None,None,None,,,,,,
Matthew Smith,0.11,0.11,0.18,None,None,None,None,None,,,,,,
Neal Maupay,0.19,0.07,0.04,1.37,2,0,0.43,3,,,,,,
Alfie Mawson,0.00,0.00,0.00,None,None,None,None,None,,,,,,
Luke Mbete,None,None,None,0.0,0,0,0.0,0,,,,,,
James McArthur,0.03,0.06,0.11,0.01,0,1,0.51,0,,,,,,
Oliver McBurnie,0.03,0.01,0.01,0.03,0,0,0.03,0,,,,,,
Alfie McCalmont,None,None,None,None,None,None,None,None,,,,,,
Liam McCarron,None,None,None,None,None,None,None,None,,,,,,
James McCarthy,0.00,0.01,0.01,0.0,0,0,0.0,0,,,,,,
Luke McCormick,None,None,None,None,None,None,None,None,,,,,,
Kevin McDonald,0.00,0.00,0.00,None,None,None,None,None,,,,,,
George McEachran,None,None,None,None,None,None,None,None,,,,,,
John McGinn,0.05,0.09,0.14,0.5,0,0,0.25,1,,,,,,
David McGoldrick,0.28,0.12,0.26,2.18,2,0,0.61,3,,,,,,
Giovanni McGregor,None,None,None,None,None,None,None,None,,,,,,
Mark McGuinness,None,None,None,None,None,None,None,None,,,,,,
Dwight McNeil,0.04,0.10,0.07,0.0,0,0,0.06,0,,,,,,
Sam McQueen,None,None,None,None,None,None,None,None,,,,,,
Scott McTominay,0.09,0.09,0.33,0.59,2,2,0.91,1,,,,,,
Zech Medley,None,None,None,None,None,None,None,None,,,,,,
Ben Mee,0.04,0.03,0.11,0.56,1,0,0.23,0,,,,,,
D'Mani Mellor,None,None,None,None,None,None,None,None,,,,,,
Édouard Mendy,0.00,0.01,0.04,0.0,0,0,0.0,0,,,,,,
Teden Mengi,0.00,0.00,0.00,None,None,None,None,None,,,,,,
Illan Meslier,0.00,0.00,0.00,0.0,0,0,0.0,0,,,,,,
Max Meyer,0.00,0.00,0.00,None,None,None,None,None,,,,,,
Kamil Miazek,0.00,0.00,0.00,None,None,None,None,None,,,,,,
Matt Miazga,None,None,None,None,None,None,None,None,,,,,,
Luka Milivojevic,0.06,0.04,0.07,0.41,0,1,0.59,0,,,,,,
Liam Millar,None,None,None,None,None,None,None,None,,,,,,
James Milner,0.00,0.00,0.00,0.16,0,0,0.03,0,,,,,,
Yerry Mina,0.05,0.03,0.24,0.4,1,0,0.2,0,,,,,,
Takumi Minamino,0.00,0.00,0.00,0.78,1,0,0.09,2,,,,,,
Tyrone Mings,0.06,0.03,0.14,0.04,0,0,0.15,0,,,,,,
Tyrick Mitchell,0.01,0.02,0.07,0.0,0,0,0.0,0,,,,,,
Aleksandar Mitrovic,0.00,0.00,0.00,None,None,None,None,None,,,,,,
Mix Diskerud,None,None,None,None,None,None,None,None,,,,,,
Henrikh Mkhitaryan,None,None,None,None,None,None,None,None,,,,,,
Jan Mlakar,None,None,None,None,None,None,None,None,,,,,,
Jakub Moder,None,None,None,None,None,None,None,None,,,,,,
Mohamed Elneny,0.03,0.03,0.18,0.01,0,0,0.04,0,,,,,,
Mohamed Salah,0.00,0.00,0.00,2.53,4,1,1.0,5,,,,,,
Jayson Molumby,0.00,0.00,0.00,0.0,0,0,0.0,0,,,,,,
Martín Montoya,0.00,0.00,0.00,None,None,None,None,None,,,,,,
Simon Moore,0.00,0.00,0.00,None,None,None,None,None,,,,,,
Aaron Mooy,0.00,0.00,0.00,None,None,None,None,None,,,,,,
Álvaro Morata,None,None,None,None,None,None,None,None,,,,,,
Pablo Moreno,0.00,0.00,0.00,None,None,None,None,None,,,,,,
Wes Morgan,0.04,0.05,0.06,0.0,0,0,0.0,0,,,,,,
Ravel Morrison,None,None,None,None,None,None,None,None,,,,,,
Victor Moses,None,None,None,None,None,None,None,None,,,,,,
Mason Mount,0.00,0.00,0.00,0.28,0,2,1.41,0,,,,,,
Lys Mousset,0.14,0.07,0.13,0.26,0,0,0.04,0,,,,,,
Joel Mumbongo,None,None,None,0.0,0,0,0.0,0,,,,,,
Arijanet Muric,None,None,None,None,None,None,None,None,,,,,,
Jacob Murphy,0.02,0.06,0.12,0.44,0,1,0.58,0,,,,,,
Glenn Murray,0.00,0.00,0.00,None,None,None,None,None,,,,,,
Admiral Muskwe,None,None,None,None,None,None,None,None,,,,,,
Shkodran Mustafi,0.00,0.00,0.00,0.0,0,0,0.0,0,,,,,,
Yoshinori Muto,0.00,0.00,0.00,None,None,None,None,None,,,,,,
Daniel N'Lundulu,0.00,0.00,0.00,0.01,0,0,0.01,0,,,,,,
Marvelous Nakamba,0.00,0.00,0.00,0.0,0,0,0.03,0,,,,,,
Wilfred Ndidi,0.00,0.00,0.00,0.02,0,0,0.05,0,,,,,,
Tanguy Ndombele,0.13,0.15,0.18,0.95,1,0,0.27,1,,,,,,
Neco Williams,0.00,0.00,0.00,None,None,None,None,None,,,,,,
Reiss Nelson,0.00,0.00,0.00,None,None,None,None,None,,,,,,
Nélson Semedo,0.03,0.07,0.27,0.18,0,0,0.16,0,,,,,,
Eddie Nketiah,0.08,0.04,0.03,0.34,0,1,0.54,0,,,,,,
Niels Nkounkou,0.00,0.00,0.00,0.0,0,0,0.0,0,,,,,,
Felix Nmecha,None,None,None,0.0,0,0,0.0,0,,,,,,
Mark Noble,0.00,0.00,0.00,0.0,0,0,0.03,0,,,,,,
Magnus Norman,None,None,None,None,None,None,None,None,,,,,,
Rhys Norrington-Davies,None,None,None,None,None,None,None,None,,,,,,
Will Norris,0.00,0.00,0.00,0.0,0,0,0.0,0,,,,,,
Oliver Norwood,0.05,0.08,0.17,0.01,0,0,0.18,0,,,,,,
Ørjan Nyland,0.00,0.00,0.00,None,None,None,None,None,,,,,,
Jack O'Connell,0.00,0.00,0.00,None,None,None,None,None,,,,,,
Warren O'Hora,None,None,None,None,None,None,None,None,,,,,,
Aiden O'Neill,None,None,None,None,None,None,None,None,,,,,,
Matt O'Riley,None,None,None,None,None,None,None,None,,,,,,
Dara O'Shea,0.00,0.00,0.00,0.02,0,0,0.05,0,,,,,,
Michael Obafemi,0.00,0.00,0.00,0.0,0,0,0.0,0,,,,,,
Denis Odoi,0.00,0.00,0.00,0.0,0,0,0.0,0,,,,,,
Angelo Ogbonna,0.00,0.00,0.00,0.49,1,1,0.53,1,,,,,,
Sheyi Ojo,0.00,0.00,0.00,None,None,None,None,None,,,,,,
Jubril Okedina,None,None,None,None,None,None,None,None,,,,,,
James Olayinka,None,None,None,None,None,None,None,None,,,,,,
Robin Olsen,0.00,0.00,0.00,0.0,0,0,0.0,0,,,,,,
Josh Onomah,0.00,0.00,0.00,None,None,None,None,None,,,,,,
Jerome Opoku,None,None,None,None,None,None,None,None,,,,,,
Divock Origi,0.00,0.00,0.00,0.0,0,0,0.0,0,,,,,,
Ben Osborn,0.04,0.08,0.19,0.01,0,1,0.49,0,,,,,,
Nicolás Otamendi,0.00,0.00,0.00,None,None,None,None,None,,,,,,
Owen Otasowie,0.02,0.04,0.12,0.32,0,1,0.48,1,,,,,,
Alex Oxlade-Chamberlain,0.00,0.00,0.00,None,None,None,None,None,,,,,,
Daniel Oyegoke,None,None,None,None,None,None,None,None,,,,,,
Mesut Özil,0.00,0.00,0.00,None,None,None,None,None,,,,,,
Pablo Hernández,0.00,0.00,0.00,0.2,0,1,0.59,0,,,,,,
Cole Palmer,0.00,0.00,0.00,0.0,0,0,0.0,0,,,,,,
Erik Palmer-Brown,None,None,None,None,None,None,None,None,,,,,,
David Parkhouse,None,None,None,None,None,None,None,None,,,,,,
Troy Parrott,None,None,None,None,None,None,None,None,,,,,,
Thomas Partey,0.02,0.01,0.06,None,None,None,None,None,,,,,,
Mario Pasalic,None,None,None,None,None,None,None,None,,,,,,
Bailey Peacock-Farrell,0.00,0.00,0.00,0.0,0,0,0.0,0,,,,,,
Myles Peart-Harris,None,None,None,None,None,None,None,None,,,,,,
Pedro,0.04,0.21,0.43,None,None,None,None,None,,,,,,
Pedro Neto,0.19,0.23,0.28,1.25,1,1,1.0,1,,,,,,
Facundo Pellistri,0.00,0.00,0.00,None,None,None,None,None,,,,,,
Lee Peltier,0.00,0.00,0.00,0.0,0,0,0.03,0,,,,,,
Matthew Pennington,None,None,None,None,None,None,None,None,,,,,,
Nicolas Pépé,0.08,0.09,0.09,0.21,1,0,0.15,1,,,,,,
Pepe Reina,None,None,None,None,None,None,None,None,,,,,,
Ayoze Pérez,0.00,0.00,0.00,0.67,0,1,0.77,1,,,,,,
Taylor Perry,None,None,None,0.0,0,0,0.0,0,,,,,,
Kalvin Phillips,0.00,0.00,0.00,0.01,0,0,0.01,0,,,,,,
Jordan Pickford,0.00,0.00,0.28,None,None,None,None,None,,,,,,
Brandon Pierrick,0.00,0.00,0.00,None,None,None,None,None,,,,,,
Erik Pieters,0.02,0.05,0.07,None,None,None,None,None,,,,,,
Paul Pogba,0.11,0.16,0.28,None,None,None,None,None,,,,,,
Nick Pope,0.00,0.00,0.11,None,None,None,None,None,,,,,,
Pedro Porro,None,None,None,None,None,None,None,None,,,,,,
Ian Poveda-Ocampo,0.00,0.00,0.00,None,None,None,None,None,,,,,,
Dennis Praet,0.00,0.00,0.00,None,None,None,None,None,,,,,,
Davy Pröpper,0.01,0.01,0.01,None,None,None,None,None,,,,,,
Arnau Puigmal,None,None,None,None,None,None,None,None,,,,,,
Christian Pulisic,0.00,0.00,0.00,None,None,None,None,None,,,,,,
Sandro Ramírez,0.00,0.00,0.00,None,None,None,None,None,,,,,,
Kayne Ramsay,0.00,0.00,0.00,None,None,None,None,None,,,,,,
Aaron Ramsdale,0.00,0.01,0.34,None,None,None,None,None,,,,,,
Jacob Ramsey,0.02,0.02,0.02,None,None,None,None,None,,,,,,
Darren Randolph,0.00,0.00,0.00,None,None,None,None,None,,,,,,
Raphinha,0.00,0.00,0.00,None,None,None,None,None,,,,,,
Marcus Rashford,0.45,0.25,0.36,None,None,None,None,None,,,,,,
Tim Ream,0.00,0.00,0.00,None,None,None,None,None,,,,,,
Nathan Redmond,0.00,0.00,0.00,None,None,None,None,None,,,,,,
Harrison Reed,0.00,0.00,0.00,None,None,None,None,None,,,,,,
Sergio Reguilón,0.04,0.06,0.15,None,None,None,None,None,,,,,,
Winston Reid,0.00,0.00,0.00,None,None,None,None,None,,,,,,
Rhys Williams,0.00,0.00,0.00,None,None,None,None,None,,,,,,
Ricardo Pereira,0.00,0.00,0.00,None,None,None,None,None,,,,,,
Declan Rice,0.00,0.00,0.00,None,None,None,None,None,,,,,,
Taylor Richards,0.01,0.00,0.00,None,None,None,None,None,,,,,,
Lewis Richardson,0.01,0.00,0.00,None,None,None,None,None,,,,,,
Richarlison,0.17,0.13,0.23,None,None,None,None,None,,,,,,
Jairo Riedewald,0.02,0.03,0.06,None,None,None,None,None,,,,,,
Matt Ritchie,0.03,0.15,0.22,None,None,None,None,None,,,,,,
Roberto Firmino,0.00,0.00,0.00,None,None,None,None,None,,,,,,
Haydon Roberts,0.00,0.00,0.00,None,None,None,None,None,,,,,,
Andrew Robertson,0.00,0.00,0.00,None,None,None,None,None,,,,,,
Antonee Robinson,0.02,0.01,0.12,None,None,None,None,None,,,,,,
Hal Robson-Kanu,0.00,0.00,0.00,None,None,None,None,None,,,,,,
Marek Rodák,0.00,0.00,0.00,None,None,None,None,None,,,,,,
Roderick Miranda,None,None,None,None,None,None,None,None,,,,,,
Joe Rodon,0.00,0.00,0.00,None,None,None,None,None,,,,,,
Rodrigo,0.08,0.11,0.49,None,None,None,None,None,,,,,,
Jay Rodriguez,0.13,0.20,0.23,None,None,None,None,None,,,,,,
Jack Rodwell,None,None,None,None,None,None,None,None,,,,,,
Marcos Rojo,0.00,0.00,0.00,None,None,None,None,None,,,,,,
Sergio Romero,0.00,0.00,0.00,None,None,None,None,None,,,,,,
Oriol Romeu,0.00,0.00,0.00,None,None,None,None,None,,,,,,
Danny Rose,0.00,0.00,0.00,None,None,None,None,None,,,,,,
Rúben Dias,0.09,0.05,0.49,None,None,None,None,None,,,,,,
Rúben Neves,0.15,0.08,0.27,None,None,None,None,None,,,,,,
Rúben Vinagre,0.00,0.00,0.00,None,None,None,None,None,,,,,,
John Ruddy,0.00,0.00,0.00,None,None,None,None,None,,,,,,
Antonio Rüdiger,0.00,0.00,0.00,None,None,None,None,None,,,,,,
Rui Patrício,0.00,0.00,0.32,None,None,None,None,None,,,,,,
Rúnar Alex Rúnarsson,0.00,0.00,0.00,None,None,None,None,None,,,,,,
Mat Ryan,0.01,0.02,0.12,None,None,None,None,None,,,,,,
Ryan Sessegnon,0.00,0.00,0.00,None,None,None,None,None,,,,,,
Allan Saint-Maximin,0.00,0.00,0.00,None,None,None,None,None,,,,,,
Romain Saïss,0.05,0.03,0.24,None,None,None,None,None,,,,,,
Henri Saivet,None,None,None,None,None,None,None,None,,,,,,
Bukayo Saka,0.19,0.28,0.35,None,None,None,None,None,,,,,,
Mamadou Sakho,0.00,0.00,0.00,None,None,None,None,None,,,,,,
William Saliba,0.00,0.00,0.00,None,None,None,None,None,,,,,,
Mohammed Salisu,0.00,0.00,0.00,None,None,None,None,None,,,,,,
Mbwana Samatta,0.00,0.00,0.00,None,None,None,None,None,,,,,,
Austin Samuels,None,None,None,None,None,None,None,None,,,,,,
Robert Sánchez,0.00,0.00,0.04,None,None,None,None,None,,,,,,
Max Sanders,None,None,None,None,None,None,None,None,,,,,,
Dion Sanderson,None,None,None,None,None,None,None,None,,,,,,
Leroy Sané,None,None,None,None,None,None,None,None,,,,,,
Matija Sarkic,0.00,0.00,0.00,None,None,None,None,None,,,,,,
Malang Sarr,None,None,None,None,None,None,None,None,,,,,,
Romaine Sawyers,0.00,0.00,0.00,None,None,None,None,None,,,,,,
Dane Scarlett,None,None,None,None,None,None,None,None,,,,,,
Fabian Schär,0.01,0.01,0.09,None,None,None,None,None,,,,,,
Ezequiel Schelotto,None,None,None,None,None,None,None,None,,,,,,
Jeffrey Schlupp,0.00,0.00,0.00,None,None,None,None,None,,,,,,
Kasper Schmeichel,0.00,0.00,0.00,None,None,None,None,None,,,,,,
Sean Longstaff,0.05,0.05,0.16,None,None,None,None,None,,,,,,
Jean Michael Seri,0.00,0.00,0.00,None,None,None,None,None,,,,,,
Meritan Shabani,0.01,0.01,0.01,None,None,None,None,None,,,,,,
Jamie Shackleton,0.00,0.00,0.00,None,None,None,None,None,,,,,,
Xherdan Shaqiri,0.00,0.00,0.00,None,None,None,None,None,,,,,,
Billy Sharp,0.04,0.02,0.02,None,None,None,None,None,,,,,,
Conor Shaughnessy,None,None,None,None,None,None,None,None,,,,,,
Luke Shaw,0.03,0.24,0.37,None,None,None,None,None,,,,,,
Jonjo Shelvey,0.04,0.08,0.14,None,None,None,None,None,,,,,,
Saul Shotton,None,None,None,None,None,None,None,None,,,,,,
Djibril Sidibé,None,None,None,None,None,None,None,None,,,,,,
Gylfi Sigurdsson,0.12,0.12,0.17,None,None,None,None,None,,,,,,
David Silva,0.15,0.08,0.27,None,None,None,None,None,,,,,,
Dynel Simeu,None,None,None,None,None,None,None,None,,,,,,
Ellis Simms,0.00,0.00,0.00,None,None,None,None,None,,,,,,
Josh Sims,0.00,0.00,0.00,None,None,None,None,None,,,,,,
Moussa Sissoko,0.04,0.06,0.19,None,None,None,None,None,,,,,,
Oliver Skipp,0.00,0.00,0.00,None,None,None,None,None,,,,,,
Regan Slater,None,None,None,None,None,None,None,None,,,,,,
Callum Slattery,None,None,None,None,None,None,None,None,,,,,,
Islam Slimani,0.00,0.00,0.00,None,None,None,None,None,,,,,,
William Smallbone,0.00,0.00,0.00,None,None,None,None,None,,,,,,
Chris Smalling,0.00,0.00,0.00,None,None,None,None,None,,,,,,
Emile Smith Rowe,0.11,0.11,0.18,None,None,None,None,None,,,,,,
Robert Snodgrass,0.00,0.00,0.00,None,None,None,None,None,,,,,,
Sokratis,0.00,0.00,0.00,None,None,None,None,None,,,,,,
Son Heung-Min,0.29,0.27,0.19,None,None,None,None,None,,,,,,
Andreas Söndergaard,None,None,None,None,None,None,None,None,,,,,,
Elias Sorensen,None,None,None,None,None,None,None,None,,,,,,
Tomas Soucek,0.00,0.00,0.00,None,None,None,None,None,,,,,,
Jamie Soule,None,None,None,None,None,None,None,None,,,,,,
Çaglar Söyüncü,0.00,0.00,0.00,None,None,None,None,None,,,,,,
Jack Spong,None,None,None,None,None,None,None,None,,,,,,
Jay Stansfield,None,None,None,None,None,None,None,None,,,,,,
Jason Steele,0.00,0.00,0.00,None,None,None,None,None,,,,,,
Jed Steer,0.00,0.00,0.00,None,None,None,None,None,,,,,,
Zack Steffen,0.00,0.00,0.26,None,None,None,None,None,,,,,,
Maarten Stekelenburg,None,None,None,None,None,None,None,None,,,,,,
Dale Stephens,0.01,0.01,0.02,0.04,0,0,0.04,0,,,,,,
Raheem Sterling,0.45,0.31,0.44,1.82,1,4,2.32,3,,,,,,
Steven Sessegnon,0.00,0.00,0.00,None,None,None,None,None,,,,,,
Jordan Stevens,0.04,0.10,0.35,0.03,0,1,0.52,0,,,,,,
Layton Stewart,None,None,None,None,None,None,None,None,,,,,,
Jakub Stolarczyk,None,None,None,None,None,None,None,None,,,,,,
John Stones,0.08,0.04,0.42,0.3,0,0,0.01,1,,,,,,
Pascal Struijk,0.00,0.00,0.00,0.01,0,0,0.01,0,,,,,,
Japhet Tanganga,0.00,0.00,0.00,0.0,0,0,0.0,0,,,,,,
Matt Targett,0.02,0.09,0.14,0.02,0,0,0.16,0,,,,,,
James Tarkowski,0.04,0.04,0.10,0.21,0,0,0.15,0,,,,,,
Nikola Tavares,0.01,0.03,0.10,None,None,None,None,None,,,,,,
Neil Taylor,0.01,0.02,0.04,0.04,0,0,0.11,0,,,,,,
Martell Taylor-Crossdale,None,None,None,None,None,None,None,None,,,,,,
Nathan Tella,0.00,0.00,0.00,0.0,0,0,0.0,0,,,,,,
Kenny Tete,0.00,0.00,0.00,None,None,None,None,None,,,,,,
Thiago,0.00,0.00,0.00,0.09,0,0,0.13,0,,,,,,
Thiago Silva,0.15,0.08,0.27,None,None,None,None,None,,,,,,
Bobby Thomas,0.02,0.01,0.06,0.0,0,0,0.04,0,,,,,,
Max Thompson,0.01,0.00,0.00,None,None,None,None,None,,,,,,
Youri Tielemans,0.00,0.00,0.00,0.24,1,0,0.15,0,,,,,,
Kieran Tierney,0.04,0.15,0.38,0.37,1,2,1.35,0,,,,,,
James Tomkins,0.04,0.02,0.10,0.0,0,0,0.0,0,,,,,,
Fikayo Tomori,0.00,0.00,0.00,0.0,0,0,0.0,0,,,,,,
Lucas Torreira,0.00,0.00,0.00,None,None,None,None,None,,,,,,
Ferran Torres,0.03,0.01,0.01,0.6,1,1,0.48,1,,,,,,
Cenk Tosun,0.02,0.01,0.01,0.0,0,0,0.0,0,,,,,,
Andros Townsend,0.08,0.16,0.13,0.22,0,1,0.68,0,,,,,,
James Trafford,0.00,0.00,0.01,None,None,None,None,None,,,,,,
Bertrand Traoré,0.09,0.21,0.30,0.27,0,1,0.9,0,,,,,,
Trézéguet,None,None,None,None,None,None,None,None,,,,,,
Leandro Trossard,0.10,0.11,0.04,0.16,0,2,1.39,0,,,,,,
Nathan Trott,None,None,None,None,None,None,None,None,,,,,,
Konstantinos Tsimikas,0.00,0.00,0.00,None,None,None,None,None,,,,,,
Axel Tuanzebe,0.00,0.00,0.00,0.0,0,0,0.0,0,,,,,,
Rayhaan Tulloch,None,None,None,None,None,None,None,None,,,,,,
Cengiz Ünder,0.00,0.00,0.00,0.18,0,0,0.06,0,,,,,,
Harvey Vale,0.00,0.00,0.00,None,None,None,None,None,,,,,,
Yan Valery,0.00,0.00,0.00,0.42,0,0,0.02,1,,,,,,
Patrick van Aanholt,0.03,0.05,0.08,None,None,None,None,None,,,,,,
Donny van de Beek,0.03,0.03,0.04,None,None,None,None,None,,,,,,
Sepp van den Berg,0.12,0.12,0.13,None,None,None,None,None,,,,,,
Virgil van Dijk,0.00,0.00,0.00,None,None,None,None,None,,,,,,
Marco van Ginkel,None,None,None,None,None,None,None,None,,,,,,
Jan Paul van Hecke,None,None,None,None,None,None,None,None,,,,,,
Jamie Vardy,0.00,0.00,0.00,2.07,3,1,1.16,5,,,,,,
Indiana Vassilev,0.00,0.00,0.00,None,None,None,None,None,,,,,,
Joël Veltman,0.00,0.03,0.03,0.03,0,0,0.17,0,,,,,,
Michael Verrips,0.00,0.00,0.00,0.0,0,0,0.0,0,,,,,,
Jan Vertonghen,None,None,None,None,None,None,None,None,,,,,,
Jannik Vestergaard,0.00,0.00,0.00,0.21,0,0,0.13,0,,,,,,
Vitinha,0.07,0.06,0.17,0.17,0,0,0.1,0,,,,,,
Jake Vokins,0.00,0.00,0.00,0.0,0,0,0.0,0,,,,,,
Michel Vorm,None,None,None,None,None,None,None,None,,,,,,
Matej Vydra,0.01,0.00,0.00,0.16,0,0,0.04,0,,,,,,
Theo Walcott,0.00,0.00,0.00,0.96,1,0,0.36,1,,,,,,
Kyle Walker,0.04,0.11,0.45,0.02,0,0,0.06,0,,,,,,
Kyle Walker-Peters,0.00,0.00,0.00,0.22,0,0,0.23,0,,,,,,
Christian Walton,0.00,0.00,0.00,None,None,None,None,None,,,,,,
Aaron Wan-Bissaka,0.03,0.11,0.41,0.0,0,1,0.44,0,,,,,,
Joel Ward,0.01,0.02,0.08,0.01,0,1,0.45,0,,,,,,
James Ward-Prowse,0.00,0.00,0.00,0.33,0,0,0.4,0,,,,,,
Ollie Watkins,0.05,0.02,0.01,2.83,0,1,1.37,4,,,,,,
Kelland Watts,0.00,0.00,0.00,None,None,None,None,None,,,,,,
Adam Webster,0.03,0.02,0.04,0.52,0,0,0.23,0,,,,,,
Danny Welbeck,0.08,0.04,0.02,1.31,1,0,0.3,3,,,,,,
Timo Werner,0.00,0.00,0.00,1.17,0,1,0.89,2,,,,,,
Wesley,0.00,0.00,0.00,None,None,None,None,None,,,,,,
Ashley Westwood,0.02,0.14,0.10,0.03,0,3,1.5,0,,,,,,
Ben White,0.04,0.05,0.06,0.0,0,0,0.06,0,,,,,,
Alfie Whiteman,None,None,None,None,None,None,None,None,,,,,,
Connor Wickham,0.00,0.00,0.00,None,None,None,None,None,,,,,,
Georginio Wijnaldum,0.00,0.00,0.00,0.1,0,0,0.27,0,,,,,,
Brandon Williams,0.00,0.00,0.00,None,None,None,None,None,,,,,,
Willian,0.09,0.16,0.14,0.2,0,3,1.43,0,,,,,,
Joseph Willock,0.03,0.02,0.03,0.03,0,0,0.1,0,,,,,,
Jack Wilshere,0.00,0.00,0.00,None,None,None,None,None,,,,,,
Harry Wilson,0.33,0.14,0.27,0.73,1,1,0.82,2,,,,,,
Harry Winks,0.02,0.03,0.11,0.0,0,0,0.04,0,,,,,,
Ben Winterbottom,None,None,None,None,None,None,None,None,,,,,,
Chris Wood,0.24,0.09,0.09,2.62,1,1,0.89,6,,,,,,
Ben Woodburn,None,None,None,None,None,None,None,None,,,,,,
Freddie Woodman,None,None,None,None,None,None,None,None,,,,,,
Sam Woods,0.00,0.00,0.00,None,None,None,None,None,,,,,,
Xande Silva,0.15,0.08,0.27,None,None,None,None,None,,,,,,
Granit Xhaka,0.04,0.06,0.33,0.32,1,0,0.08,0,,,,,,
Romaric Yapi,None,None,None,None,None,None,None,None,,,,,,
Andriy Yarmolenko,0.00,0.00,0.00,0.04,0,0,0.11,0,,,,,,
DeAndre Yedlin,0.03,0.05,0.20,0.03,0,0,0.14,0,,,,,,
Maya Yoshida,None,None,None,None,None,None,None,None,,,,,,
Jack Young,None,None,None,None,None,None,None,None,,,,,,
Wilfried Zaha,0.20,0.12,0.13,1.14,1,0,0.5,1,,,,,,
André-Frank Zambo Anguissa,0.00,0.00,0.00,0.07,0,1,0.58,0,,,,,,
Davide Zappacosta,None,None,None,None,None,None,None,None,,,,,,
Andi Zeqiri,0.02,0.01,0.00,0.42,0,0,0.14,1,,,,,,
Karlo Ziger,0.00,0.00,0.00,None,None,None,None,None,,,,,,
Oleksandr Zinchenko,0.00,0.01,0.02,0.14,0,0,0.02,0,,,,,,
Richairo Zivkovic,None,None,None,None,None,None,None,None,,,,,,
Hakim Ziyech,0.00,0.00,0.00,0.04,0,0,0.07,0,,,,,,
Kenneth Zohore,0.00,0.00,0.00,None,None,None,None,None,,,,,,
Kurt Zouma,0.00,0.00,0.00,0.53,0,0,0.2,1,,,,,,
